site_id,value,name
1,39.5,austin creek
2,0.13,derek lake
3,917,smith valley
4,1196.376667,
5,1635.126667,
6,2073.876667,
7,2512.626667,
8,2951.376667,
