site_id,sample_val
123,39.5
432,0.13
456,917
456,1196.376667
234,1635.126667
848,2073.876667
949,2512.626667
848,2951.376667
